1,1,Riverside Community Center Rebuild,Volunteers rebuilt the flood-damaged community center using reclaimed and sustainably sourced materials.,"Rexburg, ID",2026-03-14
2,1,Accessible Ramp Installation,Designed and installed wheelchair ramps for twelve homes belonging to residents with limited mobility.,"Idaho Falls, ID",2026-05-02
3,1,Solar Panel Barn Raising,Installed a rooftop solar array on a shared agricultural storage facility to cut long-term energy costs.,"Sugar City, ID",2026-06-20
4,1,Neighborhood Playground Restoration,Replaced aging playground equipment and poured a new safety surface at a neighborhood park.,"Rigby, ID",2026-08-15
5,1,Reclaimed Lumber Workshop,"Taught volunteers how to salvage, mill, and reuse construction lumber that would otherwise be discarded.","Rexburg, ID",2026-10-03
6,2,Downtown Rooftop Garden,Converted an unused commercial rooftop into a productive vegetable garden serving nearby food pantries.,"Idaho Falls, ID",2026-04-18
7,2,Elementary School Greenhouse Build,Constructed a teaching greenhouse so students can grow produce as part of their science curriculum.,"Rexburg, ID",2026-05-30
8,2,Community Seed Library Launch,"Established a free seed exchange where residents borrow, grow, and return heirloom vegetable seeds.","Ammon, ID",2026-07-11
9,2,Fall Harvest Food Bank Drive,Coordinated volunteers to glean surplus produce from local farms and deliver it to regional food banks.,"Menan, ID",2026-09-26
11,3,Winter Coat Collection Drive,"Collected, cleaned, and distributed over four hundred winter coats to families before the first freeze.","Idaho Falls, ID",2026-01-24
12,3,Senior Center Technology Tutoring,"Paired volunteers with older adults for weekly one-on-one help with phones, email, and video calls.","Rexburg, ID",2026-02-21
13,3,Riverbank Cleanup Day,Removed litter and invasive vegetation along a two-mile stretch of public riverfront trail.,"Salem, ID",2026-06-06
14,3,Holiday Meal Packaging Event,Assembled and delivered complete holiday meal kits to homebound residents across the county.,"Rigby, ID",2026-12-12
15,3,Volunteer Leadership Training,"Hosted a one-day summit training new volunteer coordinators in scheduling, safety, and recruitment.","Rexburg, ID",2026-10-17
10,2,Composting Education Workshop,Run hands-on sessions teaching households to compost kitchen waste and reduce landfill contributions.,"Rexburg, ID",2026-11-07
